{
  "project_info": {
    "project_number": "910559527760",
    "project_id": "test---trafricants",
    "storage_bucket": "test---trafricants.firebasestorage.app"
  },
  "client": [
    {
      "client_info": {
        "mobilesdk_app_id": "1:910559527760:android:89d93da67dc53610e22255",
        "android_client_info": {
          "package_name": "com.firetest.firetest"
        }
      },
      "oauth_client": [],
      "api_key": [
        {
          "current_key": "AIzaSyDi5ZrOEtc9XnTmjMz2oPg41G1jBkAX4wc"
        }
      ],
      "services": {
        "appinvite_service": {
          "other_platform_oauth_client": []
        }
      }
    }
  ],
  "configuration_version": "1"
}